account_id,account_name,account_email_address,account_mobile_number,billing_address_id,user_id,account_status,annual_revenue,industry_id
ACC50214,Zenith Motors,zenith.motors@gmail.com,5472480129,BLI00001,USE17947,0,6205193,IND00001
ACC13138,Imperium Automobiles,imperium.automobiles@gmail.com,254902976,BLI00002,USE24976,1,4039624,IND00002
ACC75287,Aurelia Autohaus,aurelia.autohaus@gmail.com,8208478676,BLI00003,USE90173,1,2758663,IND00003
ACC01063,Celestia Cars,celestia.cars@gmail.com,2911255710,BLI00004,USE02936,0,2447077,IND00004
ACC69321,Regalia Automotive,regalia.automotive@gmail.com,3253206445,BLI00005,USE08403,1,4635928,IND00005
ACC70578,Opulent Drive,opulent.drive@gmail.com,7048989423,BLI00006,USE14736,1,6342814,IND00006
ACC78225,Monarch Motors,monarch.motors@gmail.com,9937571472,BLI00007,USE98230,1,6473806,IND00007
ACC69565,Valtorian Vehicles,valtorian.vehicles@gmail.com,1447758952,BLI00008,USE27298,0,5726728,IND00008
ACC57254,Excalibur Engineering,excalibur.engineering@gmail.com,1419593660,BLI00009,USE02936,0,5896623,IND00009
ACC55990,Noblesse Auto,noblesse.auto@gmail.com,8533280916,BLI00010,USE48045,0,9036830,IND00010
ACC30633,Velocity Motors,velocity.motors@gmail.com,1809006715,BLI00011,USE67246,1,2123257,IND00011
ACC61461,Apex Racing,apex.racing@gmail.com,617105205,BLI00012,USE98230,0,7586994,IND00012
ACC82127,Titan Speedworks,titan.speedworks@gmail.com,8436826291,BLI00013,USE21141,0,6839244,IND00013
ACC14580,Invictus Performance,invictus.performance@gmail.com,2811792609,BLI00014,USE40632,1,4709536,IND00014
ACC75234,Thunderstrike Cars,thunderstrike.cars@gmail.com,7162379240,BLI00015,USE64167,1,553477,IND00015
ACC32077,Phoenix Hypercars,phoenix.hypercars@gmail.com,5807082057,BLI00016,USE14736,0,1524082,IND00016
ACC80858,Valkyrie Automotive,valkyrie.automotive@gmail.com,2194951916,BLI00017,USE64167,1,6110386,IND00017
ACC39192,Stratos Motors,stratos.motors@gmail.com,2125031181,BLI00018,USE02355,0,5433399,IND00018
ACC49701,Orion GT,orion.gt@gmail.com,5311742406,BLI00019,USE70047,1,4828806,IND00019
ACC33506,Seraph Supercars,seraph.supercars@gmail.com,4267422435,BLI00020,USE90173,1,6697151,IND00020
ACC05984,Evolve Electric,evolve.electric@gmail.com,2885236779,BLI00021,USE01758,1,2826321,IND00021
ACC78530,NovaVolt Motors,novavolt.motors@gmail.com,9668284606,BLI00022,USE46703,0,2908764,IND00022
ACC57426,GreenMotion Automotive,greenmotion.automotive@gmail.com,532802597,BLI00023,USE02355,0,8845550,IND00023
ACC10953,Solara EV,solara.ev@gmail.com,8044861363,BLI00024,USE95961,1,3919242,IND00024
ACC90584,TerraDrive,terradrive@gmail.com,633067390,BLI00025,USE01758,0,8767428,IND00025
ACC57460,Zenith Zero,zenith.zero@gmail.com,9870486105,BLI00026,USE83708,0,8107112,IND00026
ACC96912,EcoSpark Autos,ecospark.autos@gmail.com,969629047,BLI00027,USE21141,1,4273114,IND00027
ACC25776,Arcadia Electric,arcadia.electric@gmail.com,9874505296,BLI00028,USE08403,0,5363051,IND00028
ACC97021,Lumina EV,lumina.ev@gmail.com,6110447041,BLI00029,USE86666,0,5627384,IND00029
ACC76583,Helio Motors,helio.motors@gmail.com,1653758341,BLI00030,USE02936,1,3304012,IND00030
ACC13923,Boulder Motors,boulder.motors@gmail.com,6634813904,BLI00031,USE01758,1,6117160,IND00031
ACC90021,TerraX Automotive,terrax.automotive@gmail.com,3996051674,BLI00032,USE90173,0,4150543,IND00032
ACC35796,Rhino Off-Road,rhino.off-road@gmail.com,8247383263,BLI00033,USE02355,0,1025449,IND00033
ACC99098,Mammoth Vehicles,mammoth.vehicles@gmail.com,3018534974,BLI00034,USE40632,1,5146860,IND00034
ACC86305,Trailblazer Trucks,trailblazer.trucks@gmail.com,1345680177,BLI00035,USE97715,1,7659366,IND00035
ACC76609,Grizzly Motors,grizzly.motors@gmail.com,7833810308,BLI00036,USE86666,1,8584420,IND00036
ACC00640,Outlander Auto,outlander.auto@gmail.com,9880593925,BLI00037,USE23457,1,8652411,IND00037
ACC12501,Summit Cruisers,summit.cruisers@gmail.com,8949659552,BLI00038,USE64167,1,6643245,IND00038
ACC05667,Alpine Machines,alpine.machines@gmail.com,4691627160,BLI00039,USE97715,0,8531885,IND00039
ACC43187,Tundra Trek,tundra.trek@gmail.com,1127554717,BLI00040,USE51109,0,6676224,IND00040
ACC35045,Titan Haulers,titan.haulers@gmail.com,4765908024,BLI00041,USE47430,1,8134665,IND00041
ACC51395,Industrium Auto,industrium.auto@gmail.com,8899641330,BLI00042,USE08695,1,6228682,IND00042
ACC99342,PowerHaul Motors,powerhaul.motors@gmail.com,3110036195,BLI00043,USE35653,0,7909571,IND00043
ACC48875,Omega Workhorses,omega.workhorses@gmail.com,6812371886,BLI00044,USE64167,0,8913962,IND00044
ACC24456,Magnum Transit,magnum.transit@gmail.com,1728775875,BLI00045,USE83708,0,734820,IND00045
ACC32528,WorkMate Vehicles,workmate.vehicles@gmail.com,6830287876,BLI00046,USE23457,1,5665693,IND00046
ACC48452,IronClad Trucks,ironclad.trucks@gmail.com,5896941903,BLI00047,USE86666,0,9668820,IND00047
ACC83856,Vortex Vans,vortex.vans@gmail.com,1354259674,BLI00048,USE42547,1,7788109,IND00048
ACC52239,HaulStar Motors,haulstar.motors@gmail.com,1654263305,BLI00049,USE48045,1,6894057,IND00049
ACC00666,CargoPro Automotive,cargopro.automotive@gmail.com,137069139,BLI00050,USE40632,1,1848490,IND00050
ACC17352,Windsor Motors,windsor.motors@gmail.com,9341974946,BLI00051,USE21508,0,6234810,IND00051
ACC62522,Britannia Cars,britannia.cars@gmail.com,1269465990,BLI00052,USE42547,0,2760471,IND00052
ACC69519,Roosevelt Roadsters,roosevelt.roadsters@gmail.com,2139558665,BLI00053,USE27298,0,7935323,IND00053
ACC86855,Sovereign Classics,sovereign.classics@gmail.com,5878288068,BLI00054,USE40632,1,6305601,IND00054
ACC71892,Imperial Vintage Motors,imperial.vintage.motors@gmail.com,2351715223,BLI00055,USE21141,0,8146453,IND00055
ACC25534,Cambridge Cars,cambridge.cars@gmail.com,7164497371,BLI00056,USE34324,1,3748944,IND00056
ACC31858,Gotham Automotive,gotham.automotive@gmail.com,7290169630,BLI00057,USE46703,0,4548014,IND00057
ACC69089,Olympia Motors,olympia.motors@gmail.com,9857668671,BLI00058,USE69267,1,690768,IND00058
ACC78531,Marquis Auto,marquis.auto@gmail.com,247657543,BLI00059,USE21508,1,9831891,IND00059
ACC86083,Prestige Classics,prestige.classics@gmail.com,8899381095,BLI00060,USE02355,1,1232839,IND00060
ACC75899,Neutron Motors,neutron.motors@gmail.com,7737548465,BLI00061,USE35653,0,6039599,IND00061
ACC11797,Quantum Drive,quantum.drive@gmail.com,9424918653,BLI00062,USE02936,1,8612569,IND00062
ACC41646,Aether Vehicles,aether.vehicles@gmail.com,5716722094,BLI00063,USE40632,0,4029770,IND00063
ACC35444,HyperNova Automotive,hypernova.automotive@gmail.com,511816644,BLI00064,USE23457,0,1735058,IND00064
ACC72518,Gravitas AutoTech,gravitas.autotech@gmail.com,498712746,BLI00065,USE51109,0,3414045,IND00065
ACC49445,Astralis Cars,astralis.cars@gmail.com,1010812125,BLI00066,USE02936,1,557507,IND00066
ACC35873,Metron Dynamics,metron.dynamics@gmail.com,1090756700,BLI00067,USE47430,1,8439422,IND00067
ACC75876,Pulsar Motors,pulsar.motors@gmail.com,3341041875,BLI00068,USE42561,1,4402044,IND00068
ACC20110,CyberSpeed Vehicles,cyberspeed.vehicles@gmail.com,1025293171,BLI00069,USE23457,1,3006265,IND00069
ACC87270,Orion Auto Labs,orion.auto.labs@gmail.com,1282205775,BLI00070,USE21141,0,7005933,IND00070
ACC44225,Firenze Motors,firenze.motors@gmail.com,1636683558,BLI00071,USE97715,0,1497815,IND00071
ACC74123,Venezia Automobili,venezia.automobili@gmail.com,4576723602,BLI00072,USE14736,0,2522944,IND00072
ACC57521,Kyoto Autohaus,kyoto.autohaus@gmail.com,565615468,BLI00073,USE16130,0,9543654,IND00073
ACC16796,Monteverdi Machines,monteverdi.machines@gmail.com,5601793366,BLI00074,USE51109,1,9285408,IND00074
ACC03980,Santiago Speed,santiago.speed@gmail.com,8574854668,BLI00075,USE02355,1,7185989,IND00075
ACC33496,Zurich Drive,zurich.drive@gmail.com,3400638992,BLI00076,USE95961,1,3033672,IND00076
ACC50080,Dakar Motors,dakar.motors@gmail.com,7198486413,BLI00077,USE35653,1,5022889,IND00077
ACC48597,Buenos Aires Auto,buenos.aires.auto@gmail.com,1901197537,BLI00078,USE48045,1,2679419,IND00078
ACC55427,Havana Cruisers,havana.cruisers@gmail.com,8771115116,BLI00079,USE40632,0,7092990,IND00079
ACC13106,Barcelona Motion,barcelona.motion@gmail.com,5062300202,BLI00080,USE21141,0,1632015,IND00080
ACC35813,MetroMotors,metromotors@gmail.com,8136090360,BLI00081,USE47430,0,8902590,IND00081
ACC66795,UrbanDrive,urbandrive@gmail.com,1786924845,BLI00082,USE70047,0,642246,IND00082
ACC05931,Horizon Auto,horizon.auto@gmail.com,8128912988,BLI00083,USE70047,0,7095591,IND00083
ACC40156,Citizen Cars,citizen.cars@gmail.com,14634853,BLI00084,USE98230,0,9968655,IND00084
ACC70661,Nexus Vehicles,nexus.vehicles@gmail.com,1412330224,BLI00085,USE46703,1,1030778,IND00085
ACC49809,Proxima Motors,proxima.motors@gmail.com,7766276841,BLI00086,USE70047,1,8870411,IND00086
ACC26973,Autobahn Dynamics,autobahn.dynamics@gmail.com,4896753725,BLI00087,USE86666,1,2466421,IND00087
ACC35866,Mirage AutoTech,mirage.autotech@gmail.com,7774458036,BLI00088,USE98230,1,5230546,IND00088
ACC81946,Vista Motors,vista.motors@gmail.com,1738316474,BLI00089,USE01758,0,8879940,IND00089
ACC61421,NovaDrive,novadrive@gmail.com,9702470373,BLI00090,USE08403,0,542649,IND00090
ACC09224,Flux Automobiles,flux.automobiles@gmail.com,7689367927,BLI00091,USE67246,0,5523983,IND00091
ACC96812,Singularity Motors,singularity.motors@gmail.com,7387350806,BLI00092,USE01758,0,6626273,IND00092
ACC18517,ProtoMotion,protomotion@gmail.com,2748135970,BLI00093,USE02355,0,653845,IND00093
ACC81831,Synergy Drive,synergy.drive@gmail.com,9109296023,BLI00094,USE83708,0,2367250,IND00094
ACC40067,AeroFusion Cars,aerofusion.cars@gmail.com,9879311027,BLI00095,USE88869,0,627004,IND00095
ACC68523,Omega Velocity,omega.velocity@gmail.com,9447834508,BLI00096,USE48045,1,1492864,IND00096
ACC14357,NanoTech Motors,nanotech.motors@gmail.com,1161493358,BLI00097,USE90173,0,7427771,IND00097
ACC75046,Stratosphere Auto,stratosphere.auto@gmail.com,1426467923,BLI00098,USE46703,1,2935766,IND00098
ACC78884,Tachyon Transport,tachyon.transport@gmail.com,8709787817,BLI00099,USE02355,0,529816,IND00099
ACC33565,ElectraFlow,electraflow@gmail.com,8839720425,BLI00100,USE95961,0,5031739,IND00100
ACC94926,Titan Terrain,titan.terrain@gmail.com,6450334753,BLI00101,USE27298,0,6395334,IND00101
ACC32090,RoadWarrior Motors,roadwarrior.motors@gmail.com,131210018,BLI00102,USE51109,1,3083388,IND00102
ACC12257,Outback Haulers,outback.haulers@gmail.com,9597651817,BLI00103,USE34324,1,7115214,IND00103
ACC44266,Dominion Trucks,dominion.trucks@gmail.com,5500596965,BLI00104,USE02355,1,8171173,IND00104
ACC50080,Mammoth Haul,mammoth.haul@gmail.com,1930410580,BLI00105,USE35653,0,8795430,IND00105
ACC59577,EverTrek Vehicles,evertrek.vehicles@gmail.com,8763637183,BLI00106,USE90173,1,9468499,IND00106
ACC38281,Expedition Auto,expedition.auto@gmail.com,8793172146,BLI00107,USE01758,0,3386925,IND00107
ACC53037,Vulcan Trail Machines,vulcan.trail.machines@gmail.com,9488409465,BLI00108,USE14736,0,1063292,IND00108
ACC62831,Pathfinder SUVs,pathfinder.suvs@gmail.com,3714461412,BLI00109,USE16130,0,9691523,IND00109
ACC05058,Armadillo Automotive,armadillo.automotive@gmail.com,4996526400,BLI00110,USE08695,1,6776749,IND00110
ACC47835,Blackforest Automobiles,blackforest.automobiles@gmail.com,3241323385,BLI00111,USE46703,1,6277946,IND00111
ACC06170,Bavara Motors,bavara.motors@gmail.com,3660759510,BLI00112,USE34324,1,8102757,IND00112
ACC66674,Edelweiss Cars,edelweiss.cars@gmail.com,2030774721,BLI00113,USE47430,1,5969261,IND00113
ACC12506,Alpine Grand Tourers,alpine.grand.tourers@gmail.com,2314231513,BLI00114,USE97715,0,1416910,IND00114
ACC68781,Riviera Automotive,riviera.automotive@gmail.com,6072158802,BLI00115,USE86666,1,3111335,IND00115
ACC66132,Valencia Vehicles,valencia.vehicles@gmail.com,146761544,BLI00116,USE02355,0,4273016,IND00116
ACC79417,Monaco Speedworks,monaco.speedworks@gmail.com,7965030400,BLI00117,USE02355,0,3970327,IND00117
ACC60303,Montblanc Motors,montblanc.motors@gmail.com,8136532713,BLI00118,USE27298,0,8443557,IND00118
ACC94035,Castellan Auto,castellan.auto@gmail.com,2778455158,BLI00119,USE23457,0,6440014,IND00119
ACC04174,Souverain Automobiles,souverain.automobiles@gmail.com,9135079483,BLI00120,USE90173,0,7781697,IND00120
ACC93619,Thunderbolt Motors,thunderbolt.motors@gmail.com,8704731903,BLI00121,USE23457,0,3940331,IND00121
ACC64784,Patriot Performance,patriot.performance@gmail.com,6771855993,BLI00122,USE02936,1,6591893,IND00122
ACC41239,Stormrider Cars,stormrider.cars@gmail.com,6464617782,BLI00123,USE21141,1,6642982,IND00123
ACC79218,Wildhorse Auto,wildhorse.auto@gmail.com,9747121905,BLI00124,USE70047,1,9945489,IND00124
ACC08514,Ironclad Muscle,ironclad.muscle@gmail.com,852775645,BLI00125,USE98230,0,6864646,IND00125
ACC85106,Raptor Motors,raptor.motors@gmail.com,1397978823,BLI00126,USE70047,1,4391235,IND00126
ACC95015,Hellhound AutoWorks,hellhound.autoworks@gmail.com,1831776549,BLI00127,USE30167,0,5867843,IND00127
ACC33363,ViperStrike Cars,viperstrike.cars@gmail.com,7136661247,BLI00128,USE70047,1,3395388,IND00128
ACC35329,Liberty Drive,liberty.drive@gmail.com,4976957860,BLI00129,USE47430,1,1800407,IND00129
ACC33483,Goliath Vehicles,goliath.vehicles@gmail.com,8820675725,BLI00130,USE42547,0,6593228,IND00130
ACC20933,Tokyo Turbo,tokyo.turbo@gmail.com,4147395684,BLI00131,USE21508,0,9320884,IND00131
ACC73380,Kyoto Speedworks,kyoto.speedworks@gmail.com,2703435502,BLI00132,USE23457,0,7547202,IND00132
ACC21341,Pacific Motion,pacific.motion@gmail.com,5817423321,BLI00133,USE01758,1,9786556,IND00133
ACC35180,Sumitomo Auto,sumitomo.auto@gmail.com,7310587133,BLI00134,USE08695,1,5562904,IND00134
ACC71150,Sakura Motors,sakura.motors@gmail.com,3350101540,BLI00135,USE42547,1,3872353,IND00135
ACC97365,Rising Sun Automobiles,rising.sun.automobiles@gmail.com,6879617532,BLI00136,USE23457,0,4030227,IND00136
ACC16363,Takeda Engineering,takeda.engineering@gmail.com,8614367265,BLI00137,USE51109,1,7752395,IND00137
ACC90697,DragonWing Cars,dragonwing.cars@gmail.com,8349185936,BLI00138,USE01758,0,4887259,IND00138
ACC67875,Horizon Pacific,horizon.pacific@gmail.com,3083799123,BLI00139,USE95961,1,4926014,IND00139
ACC70719,Shogun Performance,shogun.performance@gmail.com,4278963445,BLI00140,USE21508,1,8529770,IND00140
ACC57835,HydroDrive Motors,hydrodrive.motors@gmail.com,5180401673,BLI00141,USE42547,0,6503668,IND00141
ACC38636,EcoFusion Auto,ecofusion.auto@gmail.com,3080041848,BLI00142,USE70047,1,7741727,IND00142
ACC61211,WindTrek Vehicles,windtrek.vehicles@gmail.com,2768277698,BLI00143,USE35653,1,2515645,IND00143
ACC54881,Solis Electric,solis.electric@gmail.com,1879212417,BLI00144,USE69267,0,9841715,IND00144
ACC82649,Tidal Motion,tidal.motion@gmail.com,9090003567,BLI00145,USE21141,1,7917499,IND00145
ACC23955,BioPulse Motors,biopulse.motors@gmail.com,7708746869,BLI00146,USE97715,0,1616242,IND00146
ACC37018,EnviroCar Tech,envirocar.tech@gmail.com,9970286557,BLI00147,USE42561,0,5238944,IND00147
ACC49778,TerraCharge Autos,terracharge.autos@gmail.com,9051469633,BLI00148,USE51109,0,4126170,IND00148
ACC64259,Altura Automobiles,altura.automobiles@gmail.com,6447531649,BLI00149,USE40632,1,6649397,IND00149
ACC26159,HyperLeaf EV,hyperleaf.ev@gmail.com,1051425097,BLI00150,USE46703,1,7697762,IND00150
ACC75180,MiniNova Motors,mininova.motors@gmail.com,7909285439,BLI00151,USE90173,1,9266466,IND00151
ACC47476,Swiftline Autos,swiftline.autos@gmail.com,1773966465,BLI00152,USE23457,1,7280961,IND00152
ACC81139,Zephyr Compact,zephyr.compact@gmail.com,4660232153,BLI00153,USE47430,0,3160897,IND00153
ACC76019,MicroMotion,micromotion@gmail.com,8445819895,BLI00154,USE46703,0,2529435,IND00154
ACC88766,Starlet Cars,starlet.cars@gmail.com,3614320525,BLI00155,USE02355,0,8281762,IND00155
ACC73206,CityPulse Vehicles,citypulse.vehicles@gmail.com,5866714073,BLI00156,USE86666,1,4169259,IND00156
ACC58923,Byte Motors,byte.motors@gmail.com,3376702153,BLI00157,USE17947,0,4720304,IND00157
ACC37341,NimbleDrive,nimbledrive@gmail.com,9465830465,BLI00158,USE23457,0,1507814,IND00158
ACC89667,UrbanZoom,urbanzoom@gmail.com,4708293824,BLI00159,USE08403,0,9212859,IND00159
ACC69866,Flicker Automobiles,flicker.automobiles@gmail.com,3830573643,BLI00160,USE17947,1,4143740,IND00160
ACC50655,Automaton Motors,automaton.motors@gmail.com,1564722299,BLI00161,USE16130,0,2461248,IND00161
ACC59319,RetroMotion Cars,retromotion.cars@gmail.com,8748698607,BLI00162,USE02355,0,1683227,IND00162
ACC84642,NeoClassic AutoWorks,neoclassic.autoworks@gmail.com,3215740994,BLI00163,USE98230,1,9657321,IND00163
ACC35172,SynthWave Vehicles,synthwave.vehicles@gmail.com,857609226,BLI00164,USE01758,1,1808119,IND00164
ACC52639,Mercury Flux,mercury.flux@gmail.com,1562843558,BLI00165,USE42547,1,1093599,IND00165
ACC47958,FutureCraft Motors,futurecraft.motors@gmail.com,1562211940,BLI00166,USE02355,0,2455481,IND00166
ACC22273,Zephyr Nova,zephyr.nova@gmail.com,1237529928,BLI00167,USE30167,1,7635152,IND00167
ACC31682,AeroSynth Automobiles,aerosynth.automobiles@gmail.com,3172520649,BLI00168,USE51109,1,4544708,IND00168
ACC45788,SpaceDrift Cars,spacedrift.cars@gmail.com,9066866961,BLI00169,USE08695,0,7156637,IND00169
ACC40496,Zenith-X Auto,zenith-x.auto@gmail.com,7093107541,BLI00170,USE35653,0,6547196,IND00170
ACC52019,Falcon MotoAuto,falcon.motoauto@gmail.com,8311670591,BLI00171,USE21508,1,4186273,IND00171
ACC43580,ThunderCycle Cars,thundercycle.cars@gmail.com,4101831186,BLI00172,USE14736,0,8998964,IND00172
ACC47048,RoadRage Motors,roadrage.motors@gmail.com,3048108996,BLI00173,USE35653,0,8690019,IND00173
ACC28892,NitroPulse Vehicles,nitropulse.vehicles@gmail.com,4306560104,BLI00174,USE70047,0,6199710,IND00174
ACC52571,Tornado Drift,tornado.drift@gmail.com,1993278673,BLI00175,USE88869,1,7372113,IND00175
ACC73527,Vortex MotoDrive,vortex.motodrive@gmail.com,5368813624,BLI00176,USE23457,0,2118109,IND00176
ACC56961,Apex TwoWheelers,apex.twowheelers@gmail.com,5398771894,BLI00177,USE90173,1,5617468,IND00177
ACC31815,ShadowRider Motors,shadowrider.motors@gmail.com,4157853780,BLI00178,USE88869,1,7153445,IND00178
ACC91222,RebelTorque,rebeltorque@gmail.com,6607974301,BLI00179,USE97715,1,4727720,IND00179
ACC51971,Dominator Auto,dominator.auto@gmail.com,517272100,BLI00180,USE98230,0,2833135,IND00180
ACC41695,Warhorse Motors,warhorse.motors@gmail.com,8880467838,BLI00181,USE51109,1,9239869,IND00181
ACC61532,Titan Armored Vehicles,titan.armored.vehicles@gmail.com,3559301979,BLI00182,USE21508,0,1333653,IND00182
ACC06205,Fortress Trucks,fortress.trucks@gmail.com,9003489997,BLI00183,USE34324,0,1800318,IND00183
ACC23712,Juggernaut Machines,juggernaut.machines@gmail.com,1754538692,BLI00184,USE34324,0,3000989,IND00184
ACC58657,Crusader Off-Road,crusader.off-road@gmail.com,5011134118,BLI00185,USE08695,1,7209762,IND00185
ACC68679,BattleBorn Automobiles,battleborn.automobiles@gmail.com,3831999800,BLI00186,USE86666,0,3109683,IND00186
ACC25845,Phantom Drive,phantom.drive@gmail.com,63758948,BLI00187,USE17947,0,6086071,IND00187
ACC97287,Sentinel Motors,sentinel.motors@gmail.com,3355361447,BLI00188,USE67246,0,6617596,IND00188
ACC05243,Spartan AutoWorks,spartan.autoworks@gmail.com,5062389142,BLI00189,USE14736,1,3151422,IND00189
ACC63297,Dominion Defense Vehicles,dominion.defense.vehicles@gmail.com,533592279,BLI00190,USE90173,0,2265237,IND00190
ACC71486,ThunderTrail Motors,thundertrail.motors@gmail.com,3108775361,BLI00191,USE88869,0,1521702,IND00191
ACC70493,Borealis Drive,borealis.drive@gmail.com,9017433466,BLI00192,USE97715,1,4708427,IND00192
ACC47096,Eclipse AutoTech,eclipse.autotech@gmail.com,1867168895,BLI00193,USE02936,0,9574799,IND00193
ACC03250,Equinox Vehicles,equinox.vehicles@gmail.com,8026914364,BLI00194,USE02936,1,3817560,IND00194
ACC89374,ThunderCloud Automobiles,thundercloud.automobiles@gmail.com,6278098198,BLI00195,USE83708,1,9752053,IND00195
ACC91988,Avalon Motors,avalon.motors@gmail.com,9676766008,BLI00196,USE24976,1,1317285,IND00196
ACC60746,HyperGlide Cars,hyperglide.cars@gmail.com,4826473383,BLI00197,USE48045,0,2410484,IND00197
ACC64625,AeroDrive,aerodrive@gmail.com,567771483,BLI00198,USE90173,0,3603094,IND00198
ACC71969,Polaris Automotive,polaris.automotive@gmail.com,2433241481,BLI00199,USE69267,0,3783237,IND00199
ACC88502,Nebula Motion,nebula.motion@gmail.com,4525361995,BLI00200,USE24976,0,8049780,IND00200
