job_title_id,job_title_name
JOB00001,Warehouse Supervisor
JOB00002,Fuel & Route Analyst
JOB00003,Customer Service Representative
JOB00004,Customer Service Representative
JOB00005,Dispatcher
JOB00006,Maintenance Technician
JOB00007,Customer Service Representative
JOB00008,Fuel & Route Analyst
JOB00009,Safety Compliance Officer
JOB00010,Maintenance Technician
JOB00011,Fuel & Route Analyst
JOB00012,Warehouse Supervisor
JOB00013,Fuel & Route Analyst
JOB00014,Fuel & Route Analyst
JOB00015,Maintenance Technician
JOB00016,Fleet Manager
JOB00017,Customer Service Representative
JOB00018,Warehouse Supervisor
JOB00019,Dispatcher
JOB00020,Fleet Manager
JOB00021,Customer Service Representative
JOB00022,Fleet Manager
JOB00023,Safety Compliance Officer
JOB00024,Fleet Manager
JOB00025,Operations Manager
JOB00026,Maintenance Technician
JOB00027,Warehouse Supervisor
JOB00028,Customer Service Representative
JOB00029,Operations Manager
JOB00030,Fuel & Route Analyst
JOB00031,Logistics Coordinator
JOB00032,Logistics Coordinator
JOB00033,Maintenance Technician
JOB00034,Customer Service Representative
JOB00035,Warehouse Supervisor
JOB00036,Operations Manager
JOB00037,Operations Manager
JOB00038,Operations Manager
JOB00039,Customer Service Representative
JOB00040,Maintenance Technician
JOB00041,Warehouse Supervisor
JOB00042,Customer Service Representative
JOB00043,Fleet Manager
JOB00044,Fuel & Route Analyst
JOB00045,Fleet Manager
JOB00046,Dispatcher
JOB00047,Fuel & Route Analyst
JOB00048,Warehouse Supervisor
JOB00049,Fleet Manager
,Safety Compliance Officer
,Fuel & Route Analyst
,Safety Compliance Officer
,Maintenance Technician
,Fuel & Route Analyst
,Maintenance Technician
,Maintenance Technician
,Fleet Manager
,Dispatcher
,Safety Compliance Officer
,Fleet Manager
,Dispatcher
,Safety Compliance Officer
,Warehouse Supervisor
,Safety Compliance Officer
,Operations Manager
,Fleet Manager
,Maintenance Technician
,Customer Service Representative
,Maintenance Technician
,Maintenance Technician
,Fuel & Route Analyst
,Fleet Manager
,Maintenance Technician
,Maintenance Technician
,Fleet Manager
,Safety Compliance Officer
,Maintenance Technician
,Customer Service Representative
,Warehouse Supervisor
,Fleet Manager
,Fleet Manager
,Safety Compliance Officer
,Operations Manager
,Customer Service Representative
,Warehouse Supervisor
,Dispatcher
,Operations Manager
,Operations Manager
,Fuel & Route Analyst
,Dispatcher
,Warehouse Supervisor
,Fleet Manager
,Maintenance Technician
,Maintenance Technician
,Logistics Coordinator
,Operations Manager
,Customer Service Representative
,Fleet Manager
,Maintenance Technician
,Maintenance Technician
,Warehouse Supervisor
,Safety Compliance Officer
,Maintenance Technician
,Warehouse Supervisor
,Fleet Manager
,Warehouse Supervisor
,Maintenance Technician
,Dispatcher
,Fuel & Route Analyst
,Safety Compliance Officer
,Logistics Coordinator
,Safety Compliance Officer
,Customer Service Representative
,Operations Manager
,Fuel & Route Analyst
,Maintenance Technician
,Customer Service Representative
,Fuel & Route Analyst
,Fuel & Route Analyst
,Logistics Coordinator
,Operations Manager
,Maintenance Technician
,Safety Compliance Officer
,Fleet Manager
,Safety Compliance Officer
,Fleet Manager
,Logistics Coordinator
,Safety Compliance Officer
,Dispatcher
,Dispatcher
,Customer Service Representative
,Fleet Manager
,Maintenance Technician
,Fuel & Route Analyst
,Fuel & Route Analyst
,Logistics Coordinator
,Dispatcher
,Fleet Manager
,Maintenance Technician
,Fuel & Route Analyst
,Fleet Manager
,Operations Manager
,Fuel & Route Analyst
,Fleet Manager
,Customer Service Representative
,Logistics Coordinator
,Warehouse Supervisor
,Customer Service Representative
,Operations Manager
,Customer Service Representative
,Fuel & Route Analyst
,Customer Service Representative
,Logistics Coordinator
,Safety Compliance Officer
,Fleet Manager
,Fleet Manager
,Warehouse Supervisor
,Dispatcher
,Operations Manager
,Logistics Coordinator
,Operations Manager
,Maintenance Technician
,Operations Manager
,Logistics Coordinator
,Operations Manager
,Warehouse Supervisor
,Warehouse Supervisor
,Safety Compliance Officer
,Customer Service Representative
,Operations Manager
,Fuel & Route Analyst
,Warehouse Supervisor
,Fuel & Route Analyst
,Fleet Manager
,Logistics Coordinator
,Fuel & Route Analyst
,Warehouse Supervisor
,Safety Compliance Officer
,Dispatcher
,Dispatcher
,Fuel & Route Analyst
,Dispatcher
,Fleet Manager
,Logistics Coordinator
,Maintenance Technician
,Dispatcher
,Warehouse Supervisor
,Customer Service Representative
,Dispatcher
,Logistics Coordinator
,Operations Manager
,Fuel & Route Analyst
,Customer Service Representative
,Logistics Coordinator
,Operations Manager
,Logistics Coordinator
,Warehouse Supervisor
,Logistics Coordinator
,Maintenance Technician
,Fuel & Route Analyst
,Maintenance Technician
,Maintenance Technician
,Maintenance Technician
,Customer Service Representative
,Operations Manager
,Dispatcher
,Fleet Manager
,Dispatcher
,Fuel & Route Analyst
,Customer Service Representative
,Fuel & Route Analyst
,Customer Service Representative
,Dispatcher
,Fuel & Route Analyst
,Warehouse Supervisor
,Operations Manager
,Fleet Manager
,Logistics Coordinator
,Safety Compliance Officer
,Operations Manager
,Fuel & Route Analyst
,Operations Manager
,Customer Service Representative
,Fuel & Route Analyst
,Maintenance Technician
,Fuel & Route Analyst
,Safety Compliance Officer
,Safety Compliance Officer
,Logistics Coordinator
,Logistics Coordinator
,Logistics Coordinator
,Maintenance Technician
,Fuel & Route Analyst
,Fuel & Route Analyst
,Logistics Coordinator
,Fleet Manager
,Logistics Coordinator
,Logistics Coordinator
,Operations Manager
,Maintenance Technician
,Warehouse Supervisor
,Fleet Manager
,Warehouse Supervisor
,Operations Manager
,Safety Compliance Officer
,Warehouse Supervisor
,Operations Manager
,Fuel & Route Analyst
,Fleet Manager
,Dispatcher
,Fleet Manager
,Operations Manager
,Maintenance Technician
,Fleet Manager
,Fleet Manager
,Safety Compliance Officer
,Warehouse Supervisor
,Fleet Manager
,Customer Service Representative
,Operations Manager
,Fleet Manager
,Operations Manager
,Safety Compliance Officer
,Customer Service Representative
,Dispatcher
,Safety Compliance Officer
,Fuel & Route Analyst
,Warehouse Supervisor
,Customer Service Representative
,Customer Service Representative
,Maintenance Technician
,Operations Manager
,Warehouse Supervisor
,Maintenance Technician
,Operations Manager
,Fleet Manager
,Maintenance Technician
,Safety Compliance Officer
,Operations Manager
,Fleet Manager
,Maintenance Technician
,Maintenance Technician
,Maintenance Technician
,Customer Service Representative
,Fleet Manager
,Warehouse Supervisor
,Warehouse Supervisor
,Fleet Manager
,Dispatcher
,Logistics Coordinator
,Safety Compliance Officer
,Warehouse Supervisor
,Safety Compliance Officer
,Logistics Coordinator
,Operations Manager
,Maintenance Technician
,Fuel & Route Analyst
,Warehouse Supervisor
,Fleet Manager
,Logistics Coordinator
,Safety Compliance Officer
,Dispatcher
,Warehouse Supervisor
,Fleet Manager
,Dispatcher
,Operations Manager
,Operations Manager
,Safety Compliance Officer
,Fleet Manager
,Fuel & Route Analyst
,Safety Compliance Officer
,Operations Manager
,Operations Manager
,Fuel & Route Analyst
,Operations Manager
,Customer Service Representative
,Customer Service Representative
,Logistics Coordinator
,Warehouse Supervisor
,Fleet Manager
,Fleet Manager
,Fuel & Route Analyst
,Logistics Coordinator
,Warehouse Supervisor
,Maintenance Technician
,Warehouse Supervisor
,Fleet Manager
,Logistics Coordinator
,Logistics Coordinator
,Safety Compliance Officer
,Dispatcher
,Warehouse Supervisor
,Fleet Manager
,Operations Manager
,Operations Manager
,Customer Service Representative
,Logistics Coordinator
,Fuel & Route Analyst
,Safety Compliance Officer
,Fleet Manager
,Warehouse Supervisor
,Customer Service Representative
,Dispatcher
,Warehouse Supervisor
,Dispatcher
,Fuel & Route Analyst
,Warehouse Supervisor
,Fuel & Route Analyst
,Fleet Manager
,Customer Service Representative
,Maintenance Technician
,Maintenance Technician
,Maintenance Technician
,Logistics Coordinator
,Maintenance Technician
,Fuel & Route Analyst
,Warehouse Supervisor
,Maintenance Technician
,Customer Service Representative
,Safety Compliance Officer
,Customer Service Representative
,Fuel & Route Analyst
,Dispatcher
,Fuel & Route Analyst
,Maintenance Technician
,Fleet Manager
,Customer Service Representative
,Safety Compliance Officer
,Logistics Coordinator
,Logistics Coordinator
,Dispatcher
,Safety Compliance Officer
,Logistics Coordinator
,Safety Compliance Officer
,Fuel & Route Analyst
,Fleet Manager
,Safety Compliance Officer
,Maintenance Technician
,Operations Manager
,Operations Manager
,Fleet Manager
,Fleet Manager
,Customer Service Representative
,Safety Compliance Officer
,Fleet Manager
,Fleet Manager
,Warehouse Supervisor
,Dispatcher
,Operations Manager
,Fuel & Route Analyst
,Warehouse Supervisor
,Logistics Coordinator
,Safety Compliance Officer
,Logistics Coordinator
,Fuel & Route Analyst
,Fleet Manager
,Dispatcher
,Warehouse Supervisor
,Maintenance Technician
,Fleet Manager
,Safety Compliance Officer
,Operations Manager
,Fleet Manager
,Warehouse Supervisor
,Dispatcher
,Warehouse Supervisor
,Dispatcher
,Fleet Manager
,Logistics Coordinator
,Fuel & Route Analyst
,Maintenance Technician
,Maintenance Technician
,Operations Manager
,Operations Manager
,Fuel & Route Analyst
,Safety Compliance Officer
,Dispatcher
,Fuel & Route Analyst
,Dispatcher
,Dispatcher
,Safety Compliance Officer
,Logistics Coordinator
,Operations Manager
,Dispatcher
,Fleet Manager
,Customer Service Representative
,Dispatcher
,Safety Compliance Officer
,Fleet Manager
,Logistics Coordinator
,Logistics Coordinator
,Operations Manager
,Fuel & Route Analyst
,Dispatcher
,Operations Manager
,Fleet Manager
,Safety Compliance Officer
,Fuel & Route Analyst
,Customer Service Representative
,Fleet Manager
,Logistics Coordinator
,Customer Service Representative
,Safety Compliance Officer
,Dispatcher
,Warehouse Supervisor
,Customer Service Representative
,Warehouse Supervisor
,Maintenance Technician
,Customer Service Representative
,Fleet Manager
,Dispatcher
,Dispatcher
,Warehouse Supervisor
,Logistics Coordinator
,Operations Manager
,Operations Manager
,Fuel & Route Analyst
,Safety Compliance Officer
,Logistics Coordinator
,Dispatcher
,Dispatcher
,Fleet Manager
,Fleet Manager
,Warehouse Supervisor
,Safety Compliance Officer
,Warehouse Supervisor
,Warehouse Supervisor
,Dispatcher
,Dispatcher
,Maintenance Technician
,Fleet Manager
,Safety Compliance Officer
,Warehouse Supervisor
,Warehouse Supervisor
,Warehouse Supervisor
,Logistics Coordinator
,Logistics Coordinator
,Operations Manager
,Customer Service Representative
,Safety Compliance Officer
,Operations Manager
,Fuel & Route Analyst
,Warehouse Supervisor
,Fuel & Route Analyst
,Operations Manager
,Maintenance Technician
,Safety Compliance Officer
,Dispatcher
,Customer Service Representative
,Dispatcher
,Dispatcher
,Operations Manager
,Safety Compliance Officer
,Dispatcher
,Customer Service Representative
,Logistics Coordinator
,Warehouse Supervisor
,Logistics Coordinator
,Operations Manager
,Operations Manager
